1,,wifi,15:24:05,scloud_5G (b0:39:56:f4:4e:8b),866,-40,-40,-40,87%,87%,28.53848183,77.34363894
2,,wifi,15:24:06,scloud_5G (b0:39:56:f4:4e:8b),866,-40,-40,-40,87%,87%,28.53847008,77.34363794
3,,wifi,15:24:07,scloud_5G (b0:39:56:f4:4e:8b),866,-38,-39,-38,90%,88%,28.53846519,77.3436409
4,,wifi,15:24:08,scloud_5G (b0:39:56:f4:4e:8b),866,-40,-39,-38,87%,87%,28.53845441,77.34363469
5,,wifi,15:24:09,scloud_5G (b0:39:56:f4:4e:8b),866,-38,-39,-38,90%,88%,28.53845201,77.34362597
6,,wifi,15:24:10,scloud_5G (b0:39:56:f4:4e:8b),866,-38,-39,-38,90%,88%,28.5384603,77.34362815
7,,wifi,15:24:11,scloud_5G (b0:39:56:f4:4e:8b),866,-36,-38,-36,92%,89%,28.53845669,77.34362248
8,,wifi,15:24:12,scloud_5G (b0:39:56:f4:4e:8b),866,-39,-38,-36,90%,89%,28.53845064,77.34361388
9,,wifi,15:24:13,scloud_5G (b0:39:56:f4:4e:8b),866,-39,-38,-36,90%,89%,28.53844346,77.34360327
10,,wifi,15:24:15,scloud_5G (b0:39:56:f4:4e:8b),866,-39,-38,-36,90%,89%,28.53843311,77.34359425
11,,wifi,15:24:16,scloud_5G (b0:39:56:f4:4e:8b),866,-37,-38,-36,92%,89%,28.53842427,77.34357772
12,,wifi,15:24:17,scloud_5G (b0:39:56:f4:4e:8b),866,-40,-38,-36,87%,89%,28.53842082,77.34356559
13,,wifi,15:24:18,scloud_5G (b0:39:56:f4:4e:8b),866,-39,-38,-36,90%,89%,28.53840878,77.34355508
14,,wifi,15:24:19,scloud_5G (b0:39:56:f4:4e:8b),780,-39,-38,-36,90%,89%,28.53839587,77.34353712
15,,wifi,15:24:20,scloud_5G (b0:39:56:f4:4e:8b),780,-41,-38,-36,87%,89%,28.53838282,77.34352836
16,,wifi,15:24:21,scloud_5G (b0:39:56:f4:4e:8b),780,-41,-39,-36,87%,89%,28.53837464,77.34352519
17,,wifi,15:24:22,scloud_5G (b0:39:56:f4:4e:8b),780,-41,-39,-36,87%,89%,28.53839657,77.3434666
18,,wifi,15:24:23,scloud_5G (b0:39:56:f4:4e:8b),780,-40,-39,-36,87%,88%,28.53840591,77.34343611
19,,wifi,15:24:24,scloud_5G (b0:39:56:f4:4e:8b),780,-38,-39,-36,90%,88%,28.53841917,77.34343934
20,,wifi,15:24:25,scloud_5G (b0:39:56:f4:4e:8b),780,-39,-39,-36,90%,89%,28.53841027,77.34345618
21,,wifi,15:24:26,scloud_5G (b0:39:56:f4:4e:8b),780,-39,-39,-36,90%,89%,28.53839952,77.34347445
22,,wifi,15:24:27,scloud_5G (b0:39:56:f4:4e:8b),780,-39,-39,-36,90%,89%,28.53839984,77.34349245
23,,wifi,15:24:28,scloud_5G (b0:39:56:f4:4e:8b),780,-38,-39,-36,90%,89%,28.53839331,77.34349266
24,,wifi,15:24:29,scloud_5G (b0:39:56:f4:4e:8b),780,-37,-38,-36,92%,89%,28.5383903,77.34348843
25,,wifi,15:24:31,scloud_5G (b0:39:56:f4:4e:8b),780,-37,-38,-36,92%,89%,28.53839129,77.34348584
26,,wifi,15:24:32,scloud_5G (b0:39:56:f4:4e:8b),780,-37,-38,-36,92%,89%,28.53839495,77.3434813
27,,wifi,15:24:33,scloud_5G (b0:39:56:f4:4e:8b),780,-39,-38,-36,90%,89%,28.53839846,77.34347463
28,,wifi,15:24:34,scloud_5G (b0:39:56:f4:4e:8b),433,-39,-38,-36,90%,89%,28.53840255,77.34345873
29,,wifi,15:24:35,scloud_5G (b0:39:56:f4:4e:8b),433,-37,-38,-36,92%,89%,28.53841175,77.34344923
30,,wifi,15:24:36,scloud_5G (b0:39:56:f4:4e:8b),433,-36,-38,-36,92%,89%,28.53842057,77.34344007
31,,wifi,15:24:37,scloud_5G (b0:39:56:f4:4e:8b),433,-36,-38,-36,92%,89%,28.538441,77.34341465
32,,wifi,15:24:38,scloud_5G (b0:39:56:f4:4e:8b),433,-36,-38,-36,92%,89%,28.53844963,77.3433988
33,,wifi,15:24:39,scloud_5G (b0:39:56:f4:4e:8b),433,-36,-38,-36,92%,89%,28.53845882,77.34338258
34,,wifi,15:24:40,scloud_5G (b0:39:56:f4:4e:8b),433,-36,-38,-36,92%,89%,28.53846827,77.34336975
35,,wifi,15:24:41,scloud_5G (b0:39:56:f4:4e:8b),433,-36,-38,-36,92%,90%,28.5384766,77.34335965
36,,wifi,15:24:42,scloud_5G (b0:39:56:f4:4e:8b),433,-35,-38,-35,95%,90%,28.53848309,77.34335049
37,,wifi,15:24:43,scloud_5G (b0:39:56:f4:4e:8b),433,-35,-38,-35,95%,90%,28.53848866,77.34334194
38,,wifi,15:24:44,scloud_5G (b0:39:56:f4:4e:8b),433,-35,-38,-35,95%,90%,28.53849326,77.34333524
39,,wifi,15:24:45,scloud_5G (b0:39:56:f4:4e:8b),433,-35,-37,-35,95%,90%,28.53849923,77.34332701
40,,wifi,15:24:47,scloud_5G (b0:39:56:f4:4e:8b),433,-35,-37,-35,95%,90%,28.53851168,77.34331656
41,,wifi,15:24:48,scloud_5G (b0:39:56:f4:4e:8b),433,-35,-37,-35,95%,90%,28.53852305,77.34330194
42,,wifi,15:24:49,scloud_5G (b0:39:56:f4:4e:8b),390,-35,-37,-35,95%,90%,28.53853487,77.34328512
43,,wifi,15:24:50,scloud_5G (b0:39:56:f4:4e:8b),390,-35,-37,-35,95%,90%,28.53854115,77.34326663
44,,wifi,15:24:51,scloud_5G (b0:39:56:f4:4e:8b),390,-35,-37,-35,95%,91%,28.53854963,77.34325605
45,,wifi,15:24:52,scloud_5G (b0:39:56:f4:4e:8b),390,-36,-37,-35,92%,91%,28.53855261,77.34324096
46,,wifi,15:24:53,scloud_5G (b0:39:56:f4:4e:8b),390,-37,-37,-35,92%,91%,28.53855324,77.34323335
47,,wifi,15:24:54,scloud_5G (b0:39:56:f4:4e:8b),390,-38,-37,-35,90%,91%,28.5385348,77.34323105
48,,wifi,15:24:55,scloud_5G (b0:39:56:f4:4e:8b),390,-38,-37,-35,90%,91%,28.53852124,77.34323423
49,,wifi,15:24:56,scloud_5G (b0:39:56:f4:4e:8b),390,-39,-37,-35,90%,91%,28.53850437,77.34324224
50,,wifi,15:24:57,scloud_5G (b0:39:56:f4:4e:8b),390,-39,-37,-35,90%,90%,28.53848971,77.34324946
51,,wifi,15:24:58,scloud_5G (b0:39:56:f4:4e:8b),390,-39,-37,-35,90%,90%,28.53847336,77.34325938
52,,wifi,15:24:59,scloud_5G (b0:39:56:f4:4e:8b),390,-38,-37,-35,90%,90%,28.5384554,77.34326849
53,,wifi,15:25:00,scloud_5G (b0:39:56:f4:4e:8b),390,-39,-37,-35,90%,90%,28.53844484,77.34326984
54,,wifi,15:25:01,scloud_5G (b0:39:56:f4:4e:8b),390,-40,-37,-35,87%,90%,28.53843133,77.34327898
55,,wifi,15:25:03,scloud_5G (b0:39:56:f4:4e:8b),390,-41,-37,-35,87%,90%,28.53841138,77.34328613
56,,wifi,15:25:04,scloud_5G (b0:39:56:f4:4e:8b),390,-40,-37,-35,87%,90%,28.53839195,77.34328817
57,,wifi,15:25:05,scloud_5G (b0:39:56:f4:4e:8b),390,-39,-37,-35,90%,90%,28.53836911,77.34328264
58,,wifi,15:25:06,scloud_5G (b0:39:56:f4:4e:8b),390,-37,-37,-35,92%,90%,28.5386668,77.3439999
59,,wifi,15:25:07,scloud_5G (b0:39:56:f4:4e:8b),390,-38,-37,-35,90%,90%,28.53833583,77.34327763
60,,wifi,15:25:08,scloud_5G (b0:39:56:f4:4e:8b),390,-37,-37,-35,92%,90%,28.53829736,77.34328667
61,,wifi,15:25:09,scloud_5G (b0:39:56:f4:4e:8b),390,-38,-37,-35,90%,90%,28.53826211,77.34329671
62,,wifi,15:25:10,scloud_5G (b0:39:56:f4:4e:8b),390,-39,-37,-35,90%,90%,28.53823247,77.34331047
63,,wifi,15:25:11,scloud_5G (b0:39:56:f4:4e:8b),390,-39,-37,-35,90%,90%,28.5382174,77.3433144
64,,wifi,15:25:12,scloud_5G (b0:39:56:f4:4e:8b),390,-39,-37,-35,90%,90%,28.53821091,77.34332389
65,,wifi,15:25:13,scloud_5G (b0:39:56:f4:4e:8b),390,-39,-37,-35,90%,90%,28.53821028,77.34332573
66,,wifi,15:25:14,scloud_5G (b0:39:56:f4:4e:8b),390,-39,-37,-35,90%,90%,28.53820571,77.3433274
67,,wifi,15:25:15,scloud_5G (b0:39:56:f4:4e:8b),390,-39,-37,-35,90%,90%,28.5382044,77.34332612
68,,wifi,15:25:16,scloud_5G (b0:39:56:f4:4e:8b),390,-38,-37,-35,90%,90%,28.53820115,77.34331828
69,,wifi,15:25:17,scloud_5G (b0:39:56:f4:4e:8b),390,-39,-37,-35,90%,90%,28.5382152,77.34331165
70,,wifi,15:25:19,scloud_5G (b0:39:56:f4:4e:8b),390,-39,-37,-35,90%,90%,28.53823527,77.34329741
71,,wifi,15:25:20,scloud_5G (b0:39:56:f4:4e:8b),390,-39,-37,-35,90%,90%,28.53826408,77.34327461
72,,wifi,15:25:21,scloud_5G (b0:39:56:f4:4e:8b),390,-39,-38,-35,90%,90%,28.5382957,77.34324753
73,,wifi,15:25:22,scloud_5G (b0:39:56:f4:4e:8b),433,-39,-38,-35,90%,90%,28.53830993,77.34320195
74,,wifi,15:25:23,scloud_5G (b0:39:56:f4:4e:8b),433,-38,-38,-35,90%,90%,28.53832899,77.34319128
75,,wifi,15:25:24,scloud_5G (b0:39:56:f4:4e:8b),433,-38,-38,-35,90%,90%,28.53830534,77.34319366
76,,wifi,15:25:25,scloud_5G (b0:39:56:f4:4e:8b),433,-39,-38,-35,90%,90%,28.5386673,77.3440002
77,,wifi,15:25:26,scloud_5G (b0:39:56:f4:4e:8b),433,-39,-38,-35,90%,90%,28.53827653,77.34317637
78,,wifi,15:25:27,scloud_5G (b0:39:56:f4:4e:8b),433,-41,-38,-35,87%,90%,28.53827459,77.34317468
79,,wifi,15:25:28,scloud_5G (b0:39:56:f4:4e:8b),433,-41,-38,-35,87%,90%,28.53827326,77.34317207
80,,wifi,15:25:29,scloud_5G (b0:39:56:f4:4e:8b),351,-40,-38,-35,87%,90%,28.5382723,77.34316951
81,,wifi,15:25:30,scloud_5G (b0:39:56:f4:4e:8b),351,-41,-38,-35,87%,90%,28.53827235,77.3431641
82,,wifi,15:25:31,scloud_5G (b0:39:56:f4:4e:8b),351,-41,-38,-35,87%,90%,28.5382701,77.34315951
83,,wifi,15:25:32,scloud_5G (b0:39:56:f4:4e:8b),351,-41,-38,-35,87%,90%,28.53826895,77.34315514
84,,wifi,15:25:34,scloud_5G (b0:39:56:f4:4e:8b),351,-41,-38,-35,87%,90%,28.53824189,77.34316398
85,,wifi,15:25:35,scloud_5G (b0:39:56:f4:4e:8b),390,-40,-38,-35,87%,90%,28.53824767,77.34315456
86,,wifi,15:25:36,scloud_5G (b0:39:56:f4:4e:8b),390,-41,-38,-35,87%,90%,28.53823867,77.34315535
87,,wifi,15:25:37,scloud_5G (b0:39:56:f4:4e:8b),351,-41,-38,-35,87%,90%,28.53822362,77.34316124
88,,wifi,15:25:38,scloud_5G (b0:39:56:f4:4e:8b),351,-41,-38,-35,87%,90%,28.53822839,77.34315377
89,,wifi,15:25:39,scloud_5G (b0:39:56:f4:4e:8b),351,-41,-38,-35,87%,90%,28.5382096,77.34314151
90,,wifi,15:25:40,scloud_5G (b0:39:56:f4:4e:8b),351,-40,-38,-35,87%,90%,28.53821979,77.34312492
91,,wifi,15:25:41,scloud_5G (b0:39:56:f4:4e:8b),351,-40,-38,-35,87%,90%,28.53822226,77.34310417
92,,wifi,15:25:42,scloud_5G (b0:39:56:f4:4e:8b),351,-44,-38,-35,82%,89%,28.53822991,77.34308997
93,,wifi,15:25:43,scloud_5G (b0:39:56:f4:4e:8b),351,-41,-38,-35,87%,89%,28.53824336,77.34307049
94,,wifi,15:25:44,scloud_5G (b0:39:56:f4:4e:8b),351,-41,-38,-35,87%,89%,28.53826198,77.34304746
95,,wifi,15:25:45,scloud_5G (b0:39:56:f4:4e:8b),351,-41,-38,-35,87%,89%,28.53826482,77.34304045
96,,wifi,15:25:46,scloud_5G (b0:39:56:f4:4e:8b),351,-41,-38,-35,87%,89%,28.53824829,77.34305471
97,,wifi,15:25:47,scloud_5G (b0:39:56:f4:4e:8b),520,-42,-38,-35,85%,89%,28.53820828,77.34308546
98,,wifi,15:25:48,scloud_5G (b0:39:56:f4:4e:8b),520,-41,-38,-35,87%,89%,28.53817349,77.34311349
99,,wifi,15:25:50,scloud_5G (b0:39:56:f4:4e:8b),520,-41,-38,-35,87%,89%,28.5381564,77.34312799
100,,wifi,15:25:51,scloud_5G (b0:39:56:f4:4e:8b),520,-41,-38,-35,87%,89%,28.53818145,77.34310871
101,,wifi,15:25:52,scloud_5G (b0:39:56:f4:4e:8b),468,-42,-38,-35,85%,89%,28.53821754,77.34308645
102,,wifi,15:25:53,scloud_5G (b0:39:56:f4:4e:8b),468,-41,-38,-35,87%,89%,28.53824325,77.34307332
103,,wifi,15:25:54,scloud_5G (b0:39:56:f4:4e:8b),468,-41,-38,-35,87%,89%,28.53826897,77.34305714
104,,wifi,15:25:55,scloud_5G (b0:39:56:f4:4e:8b),468,-41,-38,-35,87%,89%,28.53827565,77.34305221
105,,wifi,15:25:56,scloud_5G (b0:39:56:f4:4e:8b),468,-41,-38,-35,87%,89%,28.53827164,77.34305738
106,,wifi,15:25:57,scloud_5G (b0:39:56:f4:4e:8b),468,-41,-38,-35,87%,89%,28.53827657,77.34305493
107,,wifi,15:25:58,scloud_5G (b0:39:56:f4:4e:8b),468,-41,-38,-35,87%,89%,28.53828972,77.34304674
108,,wifi,15:25:59,scloud_5G (b0:39:56:f4:4e:8b),468,-41,-38,-35,87%,89%,28.53829609,77.34304503
109,,wifi,15:26:00,scloud_5G (b0:39:56:f4:4e:8b),390,-42,-38,-35,85%,89%,28.53831861,77.34302955
110,,wifi,15:26:01,scloud_5G (b0:39:56:f4:4e:8b),390,-41,-38,-35,87%,89%,28.53836693,77.34300156
111,,wifi,15:26:02,scloud_5G (b0:39:56:f4:4e:8b),390,-41,-38,-35,87%,89%,28.53836693,77.34300156
112,,wifi,15:26:03,scloud_5G (b0:39:56:f4:4e:8b),390,-41,-38,-35,87%,89%,28.53836693,77.34300156
113,,wifi,15:26:05,scloud_5G (b0:39:56:f4:4e:8b),390,-41,-39,-35,87%,89%,28.5386741,77.3439845
114,,wifi,15:26:06,scloud_5G (b0:39:56:f4:4e:8b),390,-42,-39,-35,85%,89%,28.5386741,77.3439845
115,,wifi,15:26:07,scloud_5G (b0:39:56:f4:4e:8b),390,-41,-39,-35,87%,89%,28.5386741,77.3439845
116,,wifi,15:26:08,scloud_5G (b0:39:56:f4:4e:8b),390,-41,-39,-35,87%,89%,28.5386741,77.3439845
117,,wifi,15:26:09,scloud_5G (b0:39:56:f4:4e:8b),390,-41,-39,-35,87%,89%,28.5386741,77.3439845
118,,wifi,15:26:10,scloud_5G (b0:39:56:f4:4e:8b),390,-41,-39,-35,87%,89%,28.5386741,77.3439845
119,,wifi,15:26:11,scloud_5G (b0:39:56:f4:4e:8b),390,-41,-39,-35,87%,89%,28.5386741,77.3439845
120,,wifi,15:26:12,scloud_5G (b0:39:56:f4:4e:8b),390,-42,-39,-35,85%,89%,28.5386741,77.3439845
121,,wifi,15:26:13,scloud_5G (b0:39:56:f4:4e:8b),390,-42,-39,-35,85%,89%,28.5386741,77.3439845
122,,wifi,15:26:14,scloud_5G (b0:39:56:f4:4e:8b),390,-41,-39,-35,87%,89%,28.5386741,77.3439845
123,,wifi,15:26:15,scloud_5G (b0:39:56:f4:4e:8b),390,-42,-39,-35,85%,89%,28.5386741,77.3439845
124,,wifi,15:26:16,scloud_5G (b0:39:56:f4:4e:8b),390,-42,-39,-35,85%,89%,28.5386741,77.3439845
125,,wifi,15:26:17,scloud_5G (b0:39:56:f4:4e:8b),390,-42,-39,-35,85%,89%,28.5386772,77.3439864
126,,wifi,15:26:19,scloud_5G (b0:39:56:f4:4e:8b),390,-41,-39,-35,87%,89%,28.5386772,77.3439864
127,,wifi,15:26:20,scloud_5G (b0:39:56:f4:4e:8b),390,-41,-39,-35,87%,88%,28.5386772,77.3439864
128,,wifi,15:26:21,scloud_5G (b0:39:56:f4:4e:8b),390,-40,-39,-35,87%,88%,28.5386772,77.3439864
129,,wifi,15:26:22,scloud_5G (b0:39:56:f4:4e:8b),390,-42,-39,-35,85%,88%,28.5386632,77.343997
130,,wifi,15:26:23,scloud_5G (b0:39:56:f4:4e:8b),390,-41,-39,-35,87%,88%,28.5386632,77.343997
131,,wifi,15:26:24,scloud_5G (b0:39:56:f4:4e:8b),390,-42,-39,-35,85%,88%,28.5386632,77.343997
132,,wifi,15:26:25,scloud_5G (b0:39:56:f4:4e:8b),390,-41,-39,-35,87%,88%,28.5386632,77.343997
133,,wifi,15:26:26,scloud_5G (b0:39:56:f4:4e:8b),390,-39,-39,-35,90%,88%,28.5386632,77.343997
134,,wifi,15:26:27,scloud_5G (b0:39:56:f4:4e:8b),433,-39,-39,-35,90%,88%,28.538666,77.3439998
135,,wifi,15:26:28,scloud_5G (b0:39:56:f4:4e:8b),433,-38,-39,-35,90%,88%,28.538666,77.3439998
136,,wifi,15:26:29,scloud_5G (b0:39:56:f4:4e:8b),433,-39,-39,-35,90%,88%,28.538666,77.3439998
137,,wifi,15:26:30,scloud_5G (b0:39:56:f4:4e:8b),433,-38,-39,-35,90%,88%,28.538666,77.3439998
138,,wifi,15:26:32,scloud_5G (b0:39:56:f4:4e:8b),433,-39,-39,-35,90%,88%,28.538666,77.3439998
139,,wifi,15:26:33,scloud_5G (b0:39:56:f4:4e:8b),433,-39,-39,-35,90%,88%,28.53783258,77.34317503
140,,wifi,15:26:34,scloud_5G (b0:39:56:f4:4e:8b),433,-39,-39,-35,90%,88%,28.53786721,77.3431965
141,,wifi,15:26:35,scloud_5G (b0:39:56:f4:4e:8b),433,-37,-39,-35,92%,88%,28.53791328,77.34322831
142,,wifi,15:26:36,scloud_5G (b0:39:56:f4:4e:8b),433,-37,-39,-35,92%,88%,28.53795229,77.34322585
143,,wifi,15:26:37,scloud_5G (b0:39:56:f4:4e:8b),433,-37,-39,-35,92%,89%,28.53800747,77.34322328
144,,wifi,15:26:38,scloud_5G (b0:39:56:f4:4e:8b),433,-38,-39,-35,90%,89%,28.53802575,77.34324282
145,,wifi,15:26:39,scloud_5G (b0:39:56:f4:4e:8b),433,-38,-39,-35,90%,89%,28.53804299,77.34326765
146,,wifi,15:26:40,scloud_5G (b0:39:56:f4:4e:8b),433,-37,-39,-35,92%,89%,28.53806356,77.34329604
147,,wifi,15:26:41,scloud_5G (b0:39:56:f4:4e:8b),433,-37,-39,-35,92%,89%,28.53807418,77.34332207
148,,wifi,15:26:42,scloud_5G (b0:39:56:f4:4e:8b),433,-37,-39,-35,92%,89%,28.53807566,77.34334503
149,,wifi,15:26:43,scloud_5G (b0:39:56:f4:4e:8b),433,-37,-39,-35,92%,89%,28.5380849,77.34334632
150,,wifi,15:26:44,scloud_5G (b0:39:56:f4:4e:8b),433,-38,-39,-35,90%,89%,28.53808448,77.34336023
151,,wifi,15:26:46,scloud_5G (b0:39:56:f4:4e:8b),433,-38,-39,-35,90%,89%,28.53809409,77.34334527
152,,wifi,15:26:47,scloud_5G (b0:39:56:f4:4e:8b),433,-37,-39,-35,92%,89%,28.53810004,77.34334412
153,,wifi,15:26:48,scloud_5G (b0:39:56:f4:4e:8b),433,-37,-39,-35,92%,89%,28.53809187,77.34335217
154,,wifi,15:26:49,scloud_5G (b0:39:56:f4:4e:8b),433,-38,-39,-35,90%,89%,28.53809048,77.3433518
155,,wifi,15:26:50,scloud_5G (b0:39:56:f4:4e:8b),433,-37,-39,-35,92%,89%,28.53809154,77.34335215
156,,wifi,15:26:51,scloud_5G (b0:39:56:f4:4e:8b),433,-38,-39,-35,90%,89%,28.53813033,77.34336194
157,,wifi,15:26:52,scloud_5G (b0:39:56:f4:4e:8b),433,-37,-39,-35,92%,89%,28.53816222,77.34336424
158,,wifi,15:26:53,scloud_5G (b0:39:56:f4:4e:8b),433,-37,-39,-35,92%,89%,28.53819023,77.34335184
159,,wifi,15:26:54,scloud_5G (b0:39:56:f4:4e:8b),433,-39,-39,-35,90%,89%,28.53819413,77.34334722
160,,wifi,15:26:55,scloud_5G (b0:39:56:f4:4e:8b),433,-39,-39,-35,90%,89%,28.53817933,77.34334907
161,,wifi,15:26:56,scloud_5G (b0:39:56:f4:4e:8b),433,-40,-39,-35,87%,89%,28.53817934,77.34335085
162,,wifi,15:26:57,scloud_5G (b0:39:56:f4:4e:8b),433,-40,-39,-35,87%,89%,28.538176,77.34335425
163,,wifi,15:26:58,scloud_5G (b0:39:56:f4:4e:8b),433,-42,-39,-35,85%,89%,28.53816912,77.34335768
164,,wifi,15:26:59,scloud_5G (b0:39:56:f4:4e:8b),433,-41,-39,-35,87%,89%,28.53816353,77.34336376
165,,wifi,15:27:00,scloud_5G (b0:39:56:f4:4e:8b),433,-41,-39,-35,87%,89%,28.53814109,77.34338582
166,,wifi,15:27:01,scloud_5G (b0:39:56:f4:4e:8b),433,-41,-39,-35,87%,89%,28.53813065,77.34340537
167,,wifi,15:27:02,scloud_5G (b0:39:56:f4:4e:8b),433,-42,-39,-35,85%,89%,28.53813115,77.34341571
168,,wifi,15:27:04,scloud_5G (b0:39:56:f4:4e:8b),433,-41,-39,-35,87%,89%,28.53812946,77.34342335
169,,wifi,15:27:05,scloud_5G (b0:39:56:f4:4e:8b),433,-40,-39,-35,87%,89%,28.53812646,77.34343483
170,,wifi,15:27:06,scloud_5G (b0:39:56:f4:4e:8b),433,-40,-39,-35,87%,89%,28.53812812,77.34344116
171,,wifi,15:27:07,scloud_5G (b0:39:56:f4:4e:8b),433,-41,-39,-35,87%,89%,28.53812668,77.34345055
172,,wifi,15:27:08,scloud_5G (b0:39:56:f4:4e:8b),433,-42,-39,-35,85%,89%,28.53813341,77.34345447
173,,wifi,15:27:09,scloud_5G (b0:39:56:f4:4e:8b),433,-41,-39,-35,87%,89%,28.5381365,77.34345967
174,,wifi,15:27:10,scloud_5G (b0:39:56:f4:4e:8b),433,-41,-39,-35,87%,89%,28.53814366,77.34345779
175,,wifi,15:27:11,scloud_5G (b0:39:56:f4:4e:8b),433,-41,-39,-35,87%,89%,28.53816132,77.34345
176,,wifi,15:27:12,scloud_5G (b0:39:56:f4:4e:8b),433,-41,-39,-35,87%,88%,28.53816338,77.34345239
177,,wifi,15:27:13,scloud_5G (b0:39:56:f4:4e:8b),433,-41,-39,-35,87%,88%,28.53816679,77.34345441
178,,wifi,15:27:14,scloud_5G (b0:39:56:f4:4e:8b),433,-41,-39,-35,87%,88%,28.53816647,77.34347078
179,,wifi,15:27:15,scloud_5G (b0:39:56:f4:4e:8b),390,-41,-39,-35,87%,88%,28.53815435,77.34348564
180,,wifi,15:27:16,scloud_5G (b0:39:56:f4:4e:8b),390,-41,-39,-35,87%,88%,28.53815844,77.34348272
181,,wifi,15:27:17,scloud_5G (b0:39:56:f4:4e:8b),390,-41,-39,-35,87%,88%,28.53816852,77.34348449
182,,wifi,15:27:18,scloud_5G (b0:39:56:f4:4e:8b),390,-42,-39,-35,85%,88%,28.53817968,77.34347656
183,,wifi,15:27:19,scloud_5G (b0:39:56:f4:4e:8b),390,-42,-39,-35,85%,88%,28.53817843,77.34348918
184,,wifi,15:27:21,scloud_5G (b0:39:56:f4:4e:8b),390,-42,-39,-35,85%,88%,28.53817733,77.34349399
185,,wifi,15:27:22,scloud_5G (b0:39:56:f4:4e:8b),390,-42,-39,-35,85%,88%,28.53818053,77.34349444
186,,wifi,15:27:23,scloud_5G (b0:39:56:f4:4e:8b),390,-43,-39,-35,85%,88%,28.53817273,77.34349856
187,,wifi,15:27:24,scloud_5G (b0:39:56:f4:4e:8b),390,-43,-39,-35,85%,88%,28.53817289,77.34350598
188,,wifi,15:27:25,scloud_5G (b0:39:56:f4:4e:8b),390,-42,-39,-35,85%,88%,28.53816689,77.34350412
189,,wifi,15:27:26,scloud_5G (b0:39:56:f4:4e:8b),390,-40,-39,-35,87%,88%,28.53816946,77.34351229
190,,wifi,15:27:27,scloud_5G (b0:39:56:f4:4e:8b),390,-42,-39,-35,85%,88%,28.53816821,77.34351277
191,,wifi,15:27:28,scloud_5G (b0:39:56:f4:4e:8b),390,-41,-39,-35,87%,88%,28.53816568,77.34351357
192,,wifi,15:27:29,scloud_5G (b0:39:56:f4:4e:8b),390,-41,-39,-35,87%,88%,28.53816189,77.34351331
193,,wifi,15:27:30,scloud_5G (b0:39:56:f4:4e:8b),390,-42,-39,-35,85%,88%,28.53815774,77.34351344
194,,wifi,15:27:31,scloud_5G (b0:39:56:f4:4e:8b),390,-42,-39,-35,85%,88%,28.53815787,77.34351621
195,,wifi,15:27:32,scloud_5G (b0:39:56:f4:4e:8b),390,-41,-39,-35,87%,88%,28.5381553,77.34351725
196,,wifi,15:27:33,scloud_5G (b0:39:56:f4:4e:8b),433,-41,-39,-35,87%,88%,28.53815447,77.34351625
197,,wifi,15:27:34,scloud_5G (b0:39:56:f4:4e:8b),433,-41,-39,-35,87%,88%,28.53815024,77.34351012
198,,wifi,15:27:36,scloud_5G (b0:39:56:f4:4e:8b),433,-41,-39,-35,87%,88%,28.5386689,77.3440002
199,,wifi,15:27:37,scloud_5G (b0:39:56:f4:4e:8b),433,-41,-39,-35,87%,88%,28.53814664,77.34349769
200,,wifi,15:27:38,scloud_5G (b0:39:56:f4:4e:8b),433,-41,-39,-35,87%,88%,28.53814485,77.34348634
201,,wifi,15:27:39,scloud_5G (b0:39:56:f4:4e:8b),433,-41,-39,-35,87%,88%,28.53814483,77.3434782
202,,wifi,15:27:40,scloud_5G (b0:39:56:f4:4e:8b),433,-40,-39,-35,87%,88%,28.5381456,77.34347245
203,,wifi,15:27:41,scloud_5G (b0:39:56:f4:4e:8b),433,-41,-39,-35,87%,88%,28.53815133,77.34347738
204,,wifi,15:27:42,scloud_5G (b0:39:56:f4:4e:8b),433,-41,-39,-35,87%,88%,28.53815933,77.34348787
205,,wifi,15:27:43,scloud_5G (b0:39:56:f4:4e:8b),433,-40,-39,-35,87%,88%,28.53818705,77.34352375
206,,wifi,15:27:44,scloud_5G (b0:39:56:f4:4e:8b),433,-40,-39,-35,87%,88%,28.53819648,77.3435228
207,,wifi,15:27:45,scloud_5G (b0:39:56:f4:4e:8b),433,-40,-39,-35,87%,88%,28.53821089,77.34352701
208,,wifi,15:27:46,scloud_5G (b0:39:56:f4:4e:8b),433,-40,-39,-35,87%,88%,28.53821383,77.34352947
209,,wifi,15:27:47,scloud_5G (b0:39:56:f4:4e:8b),433,-40,-39,-35,87%,88%,28.53821509,77.34353206
210,,wifi,15:27:48,scloud_5G (b0:39:56:f4:4e:8b),433,-40,-39,-35,87%,88%,28.53821434,77.3435308
211,,wifi,15:27:49,scloud_5G (b0:39:56:f4:4e:8b),433,-40,-39,-35,87%,88%,28.53821416,77.34353005
212,,wifi,15:27:51,scloud_5G (b0:39:56:f4:4e:8b),433,-40,-39,-35,87%,88%,28.53820682,77.34353629
213,,wifi,15:27:52,scloud_5G (b0:39:56:f4:4e:8b),433,-41,-39,-35,87%,88%,28.53820512,77.34353605
214,,wifi,15:27:53,scloud_5G (b0:39:56:f4:4e:8b),433,-41,-39,-35,87%,88%,28.53820583,77.34353322
215,,wifi,15:27:54,scloud_5G (b0:39:56:f4:4e:8b),351,-41,-39,-35,87%,88%,28.53820751,77.34353172
216,,wifi,15:27:55,scloud_5G (b0:39:56:f4:4e:8b),351,-41,-39,-35,87%,88%,28.53820068,77.34353469
217,,wifi,15:27:56,scloud_5G (b0:39:56:f4:4e:8b),351,-41,-39,-35,87%,88%,28.5386761,77.3439865
218,,wifi,15:27:57,scloud_5G (b0:39:56:f4:4e:8b),351,-41,-39,-35,87%,88%,28.53817763,77.34354712
219,,wifi,15:27:58,scloud_5G (b0:39:56:f4:4e:8b),351,-41,-39,-35,87%,88%,28.53816841,77.34358197
220,,wifi,15:27:59,scloud_5G (b0:39:56:f4:4e:8b),390,-41,-39,-35,87%,88%,28.53816925,77.34358452
221,,wifi,15:28:00,scloud_5G (b0:39:56:f4:4e:8b),390,-41,-39,-35,87%,88%,28.53816846,77.34358602
222,,wifi,15:28:01,scloud_5G (b0:39:56:f4:4e:8b),390,-41,-39,-35,87%,88%,28.5381718,77.34358951
223,,wifi,15:28:02,scloud_5G (b0:39:56:f4:4e:8b),390,-42,-39,-35,85%,88%,28.53817827,77.34358971
224,,wifi,15:28:03,scloud_5G (b0:39:56:f4:4e:8b),390,-42,-39,-35,85%,88%,28.53817914,77.34355653
225,,wifi,15:28:04,scloud_5G (b0:39:56:f4:4e:8b),390,-38,-39,-35,90%,88%,28.53818617,77.34356156
226,,wifi,15:28:06,scloud_5G (b0:39:56:f4:4e:8b),390,-38,-39,-35,90%,88%,28.53821255,77.34356166
227,,wifi,15:28:07,scloud_5G (b0:39:56:f4:4e:8b),390,-37,-39,-35,92%,88%,28.53822845,77.34356428
228,,wifi,15:28:08,scloud_5G (b0:39:56:f4:4e:8b),390,-38,-39,-35,90%,88%,28.53824719,77.34356737
229,,wifi,15:28:09,scloud_5G (b0:39:56:f4:4e:8b),390,-38,-39,-35,90%,88%,28.53825665,77.34357083
230,,wifi,15:28:10,scloud_5G (b0:39:56:f4:4e:8b),390,-38,-39,-35,90%,88%,28.53826086,77.34357522
231,,wifi,15:28:11,scloud_5G (b0:39:56:f4:4e:8b),390,-38,-39,-35,90%,88%,28.53826174,77.34357877
232,,wifi,15:28:12,scloud_5G (b0:39:56:f4:4e:8b),390,-38,-39,-35,90%,88%,28.53826788,77.34357957
233,,wifi,15:28:13,scloud_5G (b0:39:56:f4:4e:8b),390,-39,-39,-35,90%,88%,28.53828846,77.34357787
234,,wifi,15:28:14,scloud_5G (b0:39:56:f4:4e:8b),390,-38,-39,-35,90%,88%,28.53829641,77.34356812
235,,wifi,15:28:15,scloud_5G (b0:39:56:f4:4e:8b),390,-37,-39,-35,92%,88%,28.53830679,77.34357915
236,,wifi,15:28:16,scloud_5G (b0:39:56:f4:4e:8b),390,-39,-39,-35,90%,88%,28.5383178,77.3435983
237,,wifi,15:28:17,scloud_5G (b0:39:56:f4:4e:8b),390,-39,-39,-35,90%,88%,28.53832935,77.3436181
238,,wifi,15:28:18,scloud_5G (b0:39:56:f4:4e:8b),390,-38,-39,-35,90%,88%,28.53833873,77.3436026
239,,wifi,15:28:19,scloud_5G (b0:39:56:f4:4e:8b),390,-38,-39,-35,90%,88%,28.5383482,77.34361538
240,,wifi,15:28:20,scloud_5G (b0:39:56:f4:4e:8b),390,-38,-39,-35,90%,88%,28.5383563,77.3436085
241,,wifi,15:28:22,scloud_5G (b0:39:56:f4:4e:8b),468,-38,-39,-35,90%,88%,28.5383613,77.34359132
