1,,wifi,15:34:19,scloud_5G (b0:39:56:f4:4e:8b),866,-39,-39,-39,90%,90%,-1,-1
2,,wifi,15:34:20,scloud_5G (b0:39:56:f4:4e:8b),866,-41,-40,-39,87%,88%,-1,-1
3,,wifi,15:34:21,scloud_5G (b0:39:56:f4:4e:8b),866,-40,-40,-39,87%,88%,-1,-1
4,,wifi,15:34:23,scloud_5G (b0:39:56:f4:4e:8b),866,-41,-40,-39,87%,87%,-1,-1
5,,wifi,15:34:24,scloud_5G (b0:39:56:f4:4e:8b),866,-42,-40,-39,85%,87%,-1,-1
6,,wifi,15:34:25,scloud_5G (b0:39:56:f4:4e:8b),866,-41,-40,-39,87%,87%,28.5386667,77.3439993
7,,wifi,15:34:26,scloud_5G (b0:39:56:f4:4e:8b),866,-41,-40,-39,87%,87%,28.5386667,77.3439993
8,,wifi,15:34:27,scloud_5G (b0:39:56:f4:4e:8b),866,-41,-40,-39,87%,87%,28.5386667,77.3439993
9,,wifi,15:34:28,scloud_5G (b0:39:56:f4:4e:8b),866,-40,-40,-39,87%,87%,28.5386667,77.3439993
10,,wifi,15:34:29,scloud_5G (b0:39:56:f4:4e:8b),866,-40,-40,-39,87%,87%,28.5386667,77.3439993
11,,wifi,15:34:30,scloud_5G (b0:39:56:f4:4e:8b),866,-40,-40,-39,87%,87%,28.5386727,77.3439761
12,,wifi,15:34:31,scloud_5G (b0:39:56:f4:4e:8b),866,-40,-40,-39,87%,87%,28.5386727,77.3439761
13,,wifi,15:34:32,scloud_5G (b0:39:56:f4:4e:8b),866,-39,-40,-39,90%,87%,28.5386727,77.3439761
14,,wifi,15:34:33,scloud_5G (b0:39:56:f4:4e:8b),866,-39,-40,-39,90%,87%,28.5386727,77.3439761
15,,wifi,15:34:34,scloud_5G (b0:39:56:f4:4e:8b),866,-40,-40,-39,87%,87%,28.5386727,77.3439761
16,,wifi,15:34:35,scloud_5G (b0:39:56:f4:4e:8b),866,-40,-40,-39,87%,87%,28.5386727,77.3439761
17,,wifi,15:34:36,scloud_5G (b0:39:56:f4:4e:8b),866,-40,-40,-39,87%,87%,28.5386727,77.3439761
18,,wifi,15:34:37,scloud_5G (b0:39:56:f4:4e:8b),866,-40,-40,-39,87%,87%,28.5386727,77.3439761
19,,wifi,15:34:38,scloud_5G (b0:39:56:f4:4e:8b),866,-40,-40,-39,87%,87%,28.5386727,77.3439761
20,,wifi,15:34:39,scloud_5G (b0:39:56:f4:4e:8b),866,-40,-40,-39,87%,87%,28.5386727,77.3439761
21,,wifi,15:34:41,scloud_5G (b0:39:56:f4:4e:8b),866,-41,-40,-39,87%,87%,28.5386682,77.3439995
22,,wifi,15:34:42,scloud_5G (b0:39:56:f4:4e:8b),866,-40,-40,-39,87%,87%,28.5386682,77.3439995
23,,wifi,15:34:43,scloud_5G (b0:39:56:f4:4e:8b),866,-41,-40,-39,87%,87%,28.5386682,77.3439995
24,,wifi,15:34:44,scloud_5G (b0:39:56:f4:4e:8b),866,-40,-40,-39,87%,87%,28.5386682,77.3439995
25,,wifi,15:34:45,scloud_5G (b0:39:56:f4:4e:8b),866,-40,-40,-39,87%,87%,28.5386682,77.3439995
26,,wifi,15:34:46,scloud_5G (b0:39:56:f4:4e:8b),866,-40,-40,-39,87%,87%,28.5386676,77.3440009
27,,wifi,15:34:47,scloud_5G (b0:39:56:f4:4e:8b),866,-39,-40,-39,90%,87%,28.5386676,77.3440009
28,,wifi,15:34:48,scloud_5G (b0:39:56:f4:4e:8b),866,-36,-40,-36,92%,87%,28.5386676,77.3440009
29,,wifi,15:34:49,scloud_5G (b0:39:56:f4:4e:8b),866,-36,-39,-36,92%,87%,28.5386676,77.3440009
30,,wifi,15:34:50,scloud_5G (b0:39:56:f4:4e:8b),780,-37,-39,-36,92%,87%,28.5386676,77.3440009
31,,wifi,15:34:51,scloud_5G (b0:39:56:f4:4e:8b),780,-37,-39,-36,92%,87%,28.5386683,77.3440005
32,,wifi,15:34:52,scloud_5G (b0:39:56:f4:4e:8b),780,-37,-39,-36,92%,88%,28.5386683,77.3440005
33,,wifi,15:34:53,scloud_5G (b0:39:56:f4:4e:8b),780,-36,-39,-36,92%,88%,28.5386683,77.3440005
34,,wifi,15:34:54,scloud_5G (b0:39:56:f4:4e:8b),780,-37,-39,-36,92%,88%,28.5386683,77.3440005
35,,wifi,15:34:55,scloud_5G (b0:39:56:f4:4e:8b),780,-36,-39,-36,92%,88%,28.5386683,77.3440005
36,,wifi,15:34:56,scloud_5G (b0:39:56:f4:4e:8b),780,-36,-39,-36,92%,88%,28.5386683,77.3440005
37,,wifi,15:34:57,scloud_5G (b0:39:56:f4:4e:8b),780,-36,-39,-36,92%,88%,28.5386683,77.3440005
38,,wifi,15:34:58,scloud_5G (b0:39:56:f4:4e:8b),780,-37,-39,-36,92%,88%,28.5386683,77.3440005
39,,wifi,15:34:59,scloud_5G (b0:39:56:f4:4e:8b),780,-36,-39,-36,92%,88%,28.5386683,77.3440005
40,,wifi,15:35:00,scloud_5G (b0:39:56:f4:4e:8b),780,-36,-38,-36,92%,88%,28.5386683,77.3440005
41,,wifi,15:35:01,scloud_5G (b0:39:56:f4:4e:8b),780,-37,-38,-36,92%,88%,28.5386683,77.3440005
42,,wifi,15:35:02,scloud_5G (b0:39:56:f4:4e:8b),780,-38,-38,-36,90%,88%,28.5386683,77.3440005
43,,wifi,15:35:03,scloud_5G (b0:39:56:f4:4e:8b),780,-38,-38,-36,90%,89%,28.5386683,77.3440005
44,,wifi,15:35:04,scloud_5G (b0:39:56:f4:4e:8b),780,-39,-38,-36,90%,89%,28.5386683,77.3440005
45,,wifi,15:35:05,scloud_5G (b0:39:56:f4:4e:8b),780,-40,-38,-36,87%,88%,28.5386683,77.3440005
46,,wifi,15:35:06,scloud_5G (b0:39:56:f4:4e:8b),780,-39,-38,-36,90%,89%,28.5386683,77.3440005
47,,wifi,15:35:07,scloud_5G (b0:39:56:f4:4e:8b),780,-39,-38,-36,90%,89%,28.5386683,77.3440005
48,,wifi,15:35:09,scloud_5G (b0:39:56:f4:4e:8b),780,-39,-38,-36,90%,89%,28.5386683,77.3440005
49,,wifi,15:35:10,scloud_5G (b0:39:56:f4:4e:8b),780,-39,-38,-36,90%,89%,28.5386683,77.3440005
50,,wifi,15:35:11,scloud_5G (b0:39:56:f4:4e:8b),702,-39,-38,-36,90%,89%,28.5386683,77.3440005
51,,wifi,15:35:12,scloud_5G (b0:39:56:f4:4e:8b),702,-39,-38,-36,90%,89%,28.5386711,77.3439796
52,,wifi,15:35:13,scloud_5G (b0:39:56:f4:4e:8b),702,-38,-38,-36,90%,89%,28.5386711,77.3439796
53,,wifi,15:35:14,scloud_5G (b0:39:56:f4:4e:8b),702,-39,-38,-36,90%,89%,28.5386711,77.3439796
54,,wifi,15:35:15,scloud_5G (b0:39:56:f4:4e:8b),702,-38,-38,-36,90%,89%,28.5386711,77.3439796
55,,wifi,15:35:16,scloud_5G (b0:39:56:f4:4e:8b),702,-38,-38,-36,90%,89%,28.5386711,77.3439796
56,,wifi,15:35:17,scloud_5G (b0:39:56:f4:4e:8b),702,-39,-38,-36,90%,89%,28.5386711,77.3439796
57,,wifi,15:35:18,scloud_5G (b0:39:56:f4:4e:8b),702,-39,-38,-36,90%,89%,28.5386711,77.3439796
58,,wifi,15:35:19,scloud_5G (b0:39:56:f4:4e:8b),702,-39,-38,-36,90%,89%,28.5386711,77.3439796
59,,wifi,15:35:20,scloud_5G (b0:39:56:f4:4e:8b),702,-39,-38,-36,90%,89%,28.5386711,77.3439796
60,,wifi,15:35:21,scloud_5G (b0:39:56:f4:4e:8b),702,-37,-38,-36,92%,89%,28.5386711,77.3439796
61,,wifi,15:35:22,scloud_5G (b0:39:56:f4:4e:8b),702,-37,-38,-36,92%,89%,28.5386711,77.3439796
62,,wifi,15:35:23,scloud_5G (b0:39:56:f4:4e:8b),702,-37,-38,-36,92%,89%,28.5386711,77.3439796
63,,wifi,15:35:24,scloud_5G (b0:39:56:f4:4e:8b),702,-39,-38,-36,90%,89%,28.5386711,77.3439796
64,,wifi,15:35:25,scloud_5G (b0:39:56:f4:4e:8b),702,-38,-38,-36,90%,89%,28.5386711,77.3439796
65,,wifi,15:35:26,scloud_5G (b0:39:56:f4:4e:8b),702,-39,-38,-36,90%,89%,28.5386711,77.3439796
66,,wifi,15:35:27,scloud_5G (b0:39:56:f4:4e:8b),702,-39,-38,-36,90%,89%,28.5386711,77.3439796
67,,wifi,15:35:28,scloud_5G (b0:39:56:f4:4e:8b),702,-37,-38,-36,92%,89%,28.5386711,77.3439796
68,,wifi,15:35:29,scloud_5G (b0:39:56:f4:4e:8b),702,-36,-38,-36,92%,89%,28.5386711,77.3439796
69,,wifi,15:35:30,scloud_5G (b0:39:56:f4:4e:8b),702,-36,-38,-36,92%,89%,28.5386711,77.3439796
70,,wifi,15:35:31,scloud_5G (b0:39:56:f4:4e:8b),702,-36,-38,-36,92%,89%,28.5386711,77.3439796
71,,wifi,15:35:32,scloud_5G (b0:39:56:f4:4e:8b),702,-37,-38,-36,92%,89%,28.5386619,77.3439928
72,,wifi,15:35:33,scloud_5G (b0:39:56:f4:4e:8b),702,-37,-38,-36,92%,89%,28.5386619,77.3439928
73,,wifi,15:35:34,scloud_5G (b0:39:56:f4:4e:8b),702,-38,-38,-36,90%,89%,28.5386619,77.3439928
74,,wifi,15:35:35,scloud_5G (b0:39:56:f4:4e:8b),702,-37,-38,-36,92%,89%,28.5386619,77.3439928
75,,wifi,15:35:36,scloud_5G (b0:39:56:f4:4e:8b),702,-39,-38,-36,90%,89%,28.5386619,77.3439928
76,,wifi,15:35:37,scloud_5G (b0:39:56:f4:4e:8b),702,-40,-38,-36,87%,89%,28.5386619,77.3439928
77,,wifi,15:35:38,scloud_5G (b0:39:56:f4:4e:8b),702,-40,-38,-36,87%,89%,28.5386619,77.3439928
78,,wifi,15:35:40,scloud_5G (b0:39:56:f4:4e:8b),702,-37,-38,-36,92%,89%,28.5386619,77.3439928
79,,wifi,15:35:41,scloud_5G (b0:39:56:f4:4e:8b),702,-36,-38,-36,92%,89%,28.5386619,77.3439928
80,,wifi,15:35:42,scloud_5G (b0:39:56:f4:4e:8b),702,-36,-38,-36,92%,89%,28.5386619,77.3439928
81,,wifi,15:35:43,scloud_5G (b0:39:56:f4:4e:8b),702,-37,-38,-36,92%,89%,28.5386619,77.3439928
82,,wifi,15:35:44,scloud_5G (b0:39:56:f4:4e:8b),702,-36,-38,-36,92%,89%,28.5386619,77.3439928
83,,wifi,15:35:45,scloud_5G (b0:39:56:f4:4e:8b),702,-37,-38,-36,92%,89%,28.5386619,77.3439928
84,,wifi,15:35:46,scloud_5G (b0:39:56:f4:4e:8b),702,-37,-38,-36,92%,89%,28.5386619,77.3439928
85,,wifi,15:35:47,scloud_5G (b0:39:56:f4:4e:8b),702,-40,-38,-36,87%,89%,28.5386619,77.3439928
86,,wifi,15:35:48,scloud_5G (b0:39:56:f4:4e:8b),702,-40,-38,-36,87%,89%,28.5386619,77.3439928
87,,wifi,15:35:49,scloud_5G (b0:39:56:f4:4e:8b),702,-42,-38,-36,85%,89%,28.5386619,77.3439928
88,,wifi,15:35:50,scloud_5G (b0:39:56:f4:4e:8b),526,-39,-38,-36,90%,89%,28.5386619,77.3439928
89,,wifi,15:35:51,scloud_5G (b0:39:56:f4:4e:8b),526,-39,-38,-36,90%,89%,28.5386619,77.3439928
90,,wifi,15:35:52,scloud_5G (b0:39:56:f4:4e:8b),526,-41,-38,-36,87%,89%,28.5386681,77.3440006
91,,wifi,15:35:53,scloud_5G (b0:39:56:f4:4e:8b),526,-41,-38,-36,87%,89%,28.5386681,77.3440006
92,,wifi,15:35:54,scloud_5G (b0:39:56:f4:4e:8b),526,-40,-38,-36,87%,89%,28.5386681,77.3440006
93,,wifi,15:35:55,scloud_5G (b0:39:56:f4:4e:8b),526,-41,-38,-36,87%,89%,28.5386681,77.3440006
94,,wifi,15:35:56,scloud_5G (b0:39:56:f4:4e:8b),526,-41,-38,-36,87%,89%,28.5386681,77.3440006
95,,wifi,15:35:57,scloud_5G (b0:39:56:f4:4e:8b),526,-41,-38,-36,87%,89%,28.5386681,77.3440006
96,,wifi,15:35:58,scloud_5G (b0:39:56:f4:4e:8b),526,-41,-38,-36,87%,89%,28.5386681,77.3440006
97,,wifi,15:35:59,scloud_5G (b0:39:56:f4:4e:8b),526,-41,-38,-36,87%,89%,28.5386681,77.3440006
98,,wifi,15:36:00,scloud_5G (b0:39:56:f4:4e:8b),526,-41,-38,-36,87%,89%,28.5386681,77.3440006
99,,wifi,15:36:01,scloud_5G (b0:39:56:f4:4e:8b),526,-41,-38,-36,87%,89%,28.5386681,77.3440006
100,,wifi,15:36:02,scloud_5G (b0:39:56:f4:4e:8b),526,-42,-38,-36,85%,89%,28.5386681,77.3440006
101,,wifi,15:36:03,scloud_5G (b0:39:56:f4:4e:8b),526,-42,-38,-36,85%,89%,28.5386681,77.3440006
102,,wifi,15:36:04,scloud_5G (b0:39:56:f4:4e:8b),526,-41,-38,-36,87%,89%,28.5386681,77.3440006
103,,wifi,15:36:05,scloud_5G (b0:39:56:f4:4e:8b),526,-41,-38,-36,87%,89%,28.5386681,77.3440006
104,,wifi,15:36:06,scloud_5G (b0:39:56:f4:4e:8b),526,-41,-38,-36,87%,89%,28.5386681,77.3440006
105,,wifi,15:36:07,scloud_5G (b0:39:56:f4:4e:8b),526,-42,-38,-36,85%,89%,28.5386681,77.3440006
106,,wifi,15:36:08,scloud_5G (b0:39:56:f4:4e:8b),526,-42,-38,-36,85%,89%,28.5386681,77.3440006
107,,wifi,15:36:09,scloud_5G (b0:39:56:f4:4e:8b),526,-42,-38,-36,85%,89%,28.5386681,77.3440006
108,,wifi,15:36:10,scloud_5G (b0:39:56:f4:4e:8b),526,-42,-39,-36,85%,89%,28.5386681,77.3440006
109,,wifi,15:36:12,scloud_5G (b0:39:56:f4:4e:8b),526,-42,-39,-36,85%,89%,28.5386681,77.3440006
110,,wifi,15:36:13,scloud_5G (b0:39:56:f4:4e:8b),526,-42,-39,-36,85%,89%,28.5386676,77.3440151
111,,wifi,15:36:14,scloud_5G (b0:39:56:f4:4e:8b),526,-42,-39,-36,85%,88%,28.5386676,77.3440151
112,,wifi,15:36:15,scloud_5G (b0:39:56:f4:4e:8b),526,-42,-39,-36,85%,88%,28.5386676,77.3440151
113,,wifi,15:36:16,scloud_5G (b0:39:56:f4:4e:8b),526,-43,-39,-36,85%,88%,28.5386676,77.3440151
114,,wifi,15:36:17,scloud_5G (b0:39:56:f4:4e:8b),526,-43,-39,-36,85%,88%,28.5386676,77.3440151
115,,wifi,15:36:18,scloud_5G (b0:39:56:f4:4e:8b),526,-43,-39,-36,85%,88%,28.5386676,77.3440151
116,,wifi,15:36:19,scloud_5G (b0:39:56:f4:4e:8b),526,-44,-39,-36,82%,88%,28.5386676,77.3440151
117,,wifi,15:36:20,scloud_5G (b0:39:56:f4:4e:8b),526,-44,-39,-36,82%,88%,28.5386676,77.3440151
118,,wifi,15:36:21,scloud_5G (b0:39:56:f4:4e:8b),526,-44,-39,-36,82%,88%,28.5386676,77.3440151
119,,wifi,15:36:22,scloud_5G (b0:39:56:f4:4e:8b),526,-44,-39,-36,82%,88%,28.5386676,77.3440151
120,,wifi,15:36:23,scloud_5G (b0:39:56:f4:4e:8b),526,-44,-39,-36,82%,88%,28.5386676,77.3440151
121,,wifi,15:36:24,scloud_5G (b0:39:56:f4:4e:8b),526,-43,-39,-36,85%,88%,28.5386676,77.3440151
122,,wifi,15:36:25,scloud_5G (b0:39:56:f4:4e:8b),526,-43,-39,-36,85%,88%,28.5386676,77.3440151
123,,wifi,15:36:26,scloud_5G (b0:39:56:f4:4e:8b),526,-43,-39,-36,85%,88%,28.5386676,77.3440151
124,,wifi,15:36:27,scloud_5G (b0:39:56:f4:4e:8b),526,-42,-39,-36,85%,88%,28.5386676,77.3440151
125,,wifi,15:36:28,scloud_5G (b0:39:56:f4:4e:8b),526,-42,-39,-36,85%,88%,28.5386676,77.3440151
126,,wifi,15:36:29,scloud_5G (b0:39:56:f4:4e:8b),526,-41,-39,-36,87%,88%,28.5386676,77.3440151
127,,wifi,15:36:30,scloud_5G (b0:39:56:f4:4e:8b),526,-41,-39,-36,87%,88%,28.5386676,77.3440151
128,,wifi,15:36:31,scloud_5G (b0:39:56:f4:4e:8b),526,-42,-39,-36,85%,88%,28.5386676,77.3440151
129,,wifi,15:36:32,scloud_5G (b0:39:56:f4:4e:8b),526,-41,-39,-36,87%,88%,28.5386679,77.3440004
130,,wifi,15:36:33,scloud_5G (b0:39:56:f4:4e:8b),526,-40,-39,-36,87%,88%,28.5386679,77.3440004
131,,wifi,15:36:34,scloud_5G (b0:39:56:f4:4e:8b),585,-41,-39,-36,87%,88%,28.5386679,77.3440004
132,,wifi,15:36:35,scloud_5G (b0:39:56:f4:4e:8b),585,-39,-39,-36,90%,88%,28.5386679,77.3440004
133,,wifi,15:36:36,scloud_5G (b0:39:56:f4:4e:8b),585,-39,-39,-36,90%,88%,28.5386679,77.3440004
134,,wifi,15:36:37,scloud_5G (b0:39:56:f4:4e:8b),585,-40,-39,-36,87%,88%,28.5386679,77.3440004
135,,wifi,15:36:38,scloud_5G (b0:39:56:f4:4e:8b),585,-40,-39,-36,87%,88%,28.5386679,77.3440004
136,,wifi,15:36:39,scloud_5G (b0:39:56:f4:4e:8b),585,-40,-39,-36,87%,88%,28.5386679,77.3440004
137,,wifi,15:36:40,scloud_5G (b0:39:56:f4:4e:8b),585,-40,-39,-36,87%,88%,28.5386679,77.3440004
138,,wifi,15:36:42,scloud_5G (b0:39:56:f4:4e:8b),585,-39,-39,-36,90%,88%,28.5386679,77.3440004
139,,wifi,15:36:43,scloud_5G (b0:39:56:f4:4e:8b),585,-39,-39,-36,90%,88%,28.5386679,77.3440004
140,,wifi,15:36:44,scloud_5G (b0:39:56:f4:4e:8b),585,-40,-39,-36,87%,88%,28.5386679,77.3440004
141,,wifi,15:36:45,scloud_5G (b0:39:56:f4:4e:8b),585,-40,-39,-36,87%,88%,28.5386679,77.3440004
142,,wifi,15:36:46,scloud_5G (b0:39:56:f4:4e:8b),585,-40,-39,-36,87%,88%,28.5386679,77.3440004
143,,wifi,15:36:47,scloud_5G (b0:39:56:f4:4e:8b),585,-42,-39,-36,85%,88%,28.5386679,77.3440004
144,,wifi,15:36:48,scloud_5G (b0:39:56:f4:4e:8b),585,-39,-39,-36,90%,88%,28.5386679,77.3440004
145,,wifi,15:36:49,scloud_5G (b0:39:56:f4:4e:8b),585,-40,-39,-36,87%,88%,28.5386679,77.3440004
146,,wifi,15:36:50,scloud_5G (b0:39:56:f4:4e:8b),585,-41,-39,-36,87%,88%,28.5386679,77.3440004
147,,wifi,15:36:51,scloud_5G (b0:39:56:f4:4e:8b),585,-40,-39,-36,87%,88%,28.5386679,77.3440004
148,,wifi,15:36:52,scloud_5G (b0:39:56:f4:4e:8b),585,-41,-39,-36,87%,88%,28.5386773,77.3439867
149,,wifi,15:36:53,scloud_5G (b0:39:56:f4:4e:8b),585,-42,-39,-36,85%,88%,28.5386773,77.3439867
150,,wifi,15:36:54,scloud_5G (b0:39:56:f4:4e:8b),585,-42,-39,-36,85%,88%,28.5386773,77.3439867
151,,wifi,15:36:55,scloud_5G (b0:39:56:f4:4e:8b),585,-42,-39,-36,85%,88%,28.5386773,77.3439867
152,,wifi,15:36:56,scloud_5G (b0:39:56:f4:4e:8b),585,-42,-39,-36,85%,88%,28.5386773,77.3439867
153,,wifi,15:36:57,scloud_5G (b0:39:56:f4:4e:8b),585,-42,-39,-36,85%,88%,28.5386773,77.3439867
154,,wifi,15:36:58,scloud_5G (b0:39:56:f4:4e:8b),585,-42,-39,-36,85%,88%,28.5386773,77.3439867
155,,wifi,15:36:59,scloud_5G (b0:39:56:f4:4e:8b),585,-39,-39,-36,90%,88%,28.5386773,77.3439867
156,,wifi,15:37:00,scloud_5G (b0:39:56:f4:4e:8b),585,-38,-39,-36,90%,88%,28.5386773,77.3439867
157,,wifi,15:37:01,scloud_5G (b0:39:56:f4:4e:8b),585,-38,-39,-36,90%,88%,28.5386773,77.3439867
158,,wifi,15:37:02,scloud_5G (b0:39:56:f4:4e:8b),585,-38,-39,-36,90%,88%,28.5386773,77.3439867
159,,wifi,15:37:03,scloud_5G (b0:39:56:f4:4e:8b),585,-38,-39,-36,90%,88%,28.5386773,77.3439867
160,,wifi,15:37:04,scloud_5G (b0:39:56:f4:4e:8b),585,-38,-39,-36,90%,88%,28.5386773,77.3439867
161,,wifi,15:37:05,scloud_5G (b0:39:56:f4:4e:8b),585,-38,-39,-36,90%,88%,28.5386773,77.3439867
162,,wifi,15:37:06,scloud_5G (b0:39:56:f4:4e:8b),585,-38,-39,-36,90%,88%,28.5386773,77.3439867
163,,wifi,15:37:07,scloud_5G (b0:39:56:f4:4e:8b),585,-38,-39,-36,90%,88%,28.5386773,77.3439867
164,,wifi,15:37:08,scloud_5G (b0:39:56:f4:4e:8b),585,-38,-39,-36,90%,88%,28.5386773,77.3439867
165,,wifi,15:37:09,scloud_5G (b0:39:56:f4:4e:8b),585,-38,-39,-36,90%,88%,28.5386773,77.3439867
166,,wifi,15:37:10,scloud_5G (b0:39:56:f4:4e:8b),585,-37,-39,-36,92%,88%,28.5386773,77.3439867
167,,wifi,15:37:11,scloud_5G (b0:39:56:f4:4e:8b),585,-37,-39,-36,92%,88%,28.5386773,77.3439867
168,,wifi,15:37:12,scloud_5G (b0:39:56:f4:4e:8b),585,-38,-39,-36,90%,88%,28.5386661,77.3439997
169,,wifi,15:37:13,scloud_5G (b0:39:56:f4:4e:8b),585,-37,-39,-36,92%,88%,28.5386661,77.3439997
170,,wifi,15:37:15,scloud_5G (b0:39:56:f4:4e:8b),585,-37,-39,-36,92%,88%,28.5386661,77.3439997
171,,wifi,15:37:16,scloud_5G (b0:39:56:f4:4e:8b),585,-36,-39,-36,92%,88%,28.5386661,77.3439997
172,,wifi,15:37:17,scloud_5G (b0:39:56:f4:4e:8b),585,-36,-39,-36,92%,88%,28.5386661,77.3439997
173,,wifi,15:37:18,scloud_5G (b0:39:56:f4:4e:8b),585,-37,-39,-36,92%,88%,28.5386661,77.3439997
174,,wifi,15:37:19,scloud_5G (b0:39:56:f4:4e:8b),585,-37,-39,-36,92%,88%,28.5386661,77.3439997
175,,wifi,15:37:20,scloud_5G (b0:39:56:f4:4e:8b),585,-37,-39,-36,92%,88%,28.5386661,77.3439997
176,,wifi,15:37:21,scloud_5G (b0:39:56:f4:4e:8b),585,-38,-39,-36,90%,88%,28.5386661,77.3439997
177,,wifi,15:37:22,scloud_5G (b0:39:56:f4:4e:8b),585,-38,-39,-36,90%,88%,28.5386661,77.3439997
178,,wifi,15:37:23,scloud_5G (b0:39:56:f4:4e:8b),585,-38,-39,-36,90%,88%,28.5386661,77.3439997
179,,wifi,15:37:24,scloud_5G (b0:39:56:f4:4e:8b),585,-37,-39,-36,92%,88%,28.5386661,77.3439997
180,,wifi,15:37:25,scloud_5G (b0:39:56:f4:4e:8b),650,-38,-39,-36,90%,88%,28.5386661,77.3439997
181,,wifi,15:37:26,scloud_5G (b0:39:56:f4:4e:8b),650,-38,-39,-36,90%,88%,28.5386661,77.3439997
182,,wifi,15:37:27,scloud_5G (b0:39:56:f4:4e:8b),650,-37,-39,-36,92%,88%,28.5386661,77.3439997
183,,wifi,15:37:28,scloud_5G (b0:39:56:f4:4e:8b),650,-37,-39,-36,92%,88%,28.5386661,77.3439997
184,,wifi,15:37:29,scloud_5G (b0:39:56:f4:4e:8b),650,-38,-39,-36,90%,88%,28.5386661,77.3439997
185,,wifi,15:37:30,scloud_5G (b0:39:56:f4:4e:8b),650,-37,-39,-36,92%,88%,28.5386661,77.3439997
186,,wifi,15:37:31,scloud_5G (b0:39:56:f4:4e:8b),650,-37,-39,-36,92%,88%,28.5386661,77.3439997
187,,wifi,15:37:32,scloud_5G (b0:39:56:f4:4e:8b),650,-37,-39,-36,92%,88%,28.538667,77.3440014
188,,wifi,15:37:33,scloud_5G (b0:39:56:f4:4e:8b),650,-37,-39,-36,92%,88%,28.538667,77.3440014
189,,wifi,15:37:34,scloud_5G (b0:39:56:f4:4e:8b),650,-38,-39,-36,90%,88%,28.538667,77.3440014
190,,wifi,15:37:35,scloud_5G (b0:39:56:f4:4e:8b),650,-38,-39,-36,90%,88%,28.538667,77.3440014
191,,wifi,15:37:36,scloud_5G (b0:39:56:f4:4e:8b),650,-38,-39,-36,90%,88%,28.538667,77.3440014
192,,wifi,15:37:37,scloud_5G (b0:39:56:f4:4e:8b),650,-39,-39,-36,90%,88%,28.538667,77.3440014
193,,wifi,15:37:38,scloud_5G (b0:39:56:f4:4e:8b),650,-38,-39,-36,90%,88%,28.538667,77.3440014
194,,wifi,15:37:39,scloud_5G (b0:39:56:f4:4e:8b),650,-38,-39,-36,90%,88%,28.538667,77.3440014
195,,wifi,15:37:40,scloud_5G (b0:39:56:f4:4e:8b),650,-39,-39,-36,90%,88%,28.538667,77.3440014
196,,wifi,15:37:41,scloud_5G (b0:39:56:f4:4e:8b),650,-39,-39,-36,90%,88%,28.538667,77.3440014
197,,wifi,15:37:42,scloud_5G (b0:39:56:f4:4e:8b),650,-43,-39,-36,85%,88%,28.538667,77.3440014
198,,wifi,15:37:43,scloud_5G (b0:39:56:f4:4e:8b),650,-42,-39,-36,85%,88%,28.538667,77.3440014
199,,wifi,15:37:44,scloud_5G (b0:39:56:f4:4e:8b),650,-42,-39,-36,85%,88%,28.538667,77.3440014
200,,wifi,15:37:45,scloud_5G (b0:39:56:f4:4e:8b),650,-42,-39,-36,85%,88%,28.538667,77.3440014
201,,wifi,15:37:46,scloud_5G (b0:39:56:f4:4e:8b),650,-40,-39,-36,87%,88%,28.538667,77.3440014
202,,wifi,15:37:47,scloud_5G (b0:39:56:f4:4e:8b),650,-39,-39,-36,90%,88%,28.538667,77.3440014
203,,wifi,15:37:48,scloud_5G (b0:39:56:f4:4e:8b),650,-42,-39,-36,85%,88%,28.538667,77.3440014
204,,wifi,15:37:50,scloud_5G (b0:39:56:f4:4e:8b),650,-44,-39,-36,82%,88%,28.538667,77.3440014
205,,wifi,15:37:51,scloud_5G (b0:39:56:f4:4e:8b),650,-42,-39,-36,85%,88%,28.538667,77.3440014
206,,wifi,15:37:52,scloud_5G (b0:39:56:f4:4e:8b),650,-42,-39,-36,85%,88%,28.538667,77.3440014
207,,wifi,15:37:53,scloud_5G (b0:39:56:f4:4e:8b),650,-42,-39,-36,85%,88%,28.5386763,77.3439956
208,,wifi,15:37:54,scloud_5G (b0:39:56:f4:4e:8b),650,-41,-39,-36,87%,88%,28.5386763,77.3439956
209,,wifi,15:37:55,scloud_5G (b0:39:56:f4:4e:8b),650,-41,-39,-36,87%,88%,28.5386763,77.3439956
210,,wifi,15:37:56,scloud_5G (b0:39:56:f4:4e:8b),650,-41,-39,-36,87%,88%,28.5386763,77.3439956
211,,wifi,15:37:57,scloud_5G (b0:39:56:f4:4e:8b),650,-42,-39,-36,85%,88%,28.5386763,77.3439956
212,,wifi,15:37:58,scloud_5G (b0:39:56:f4:4e:8b),650,-42,-39,-36,85%,88%,28.5386763,77.3439956
213,,wifi,15:37:59,scloud_5G (b0:39:56:f4:4e:8b),650,-41,-39,-36,87%,88%,28.5386763,77.3439956
214,,wifi,15:38:00,scloud_5G (b0:39:56:f4:4e:8b),650,-41,-39,-36,87%,88%,28.5386763,77.3439956
215,,wifi,15:38:01,scloud_5G (b0:39:56:f4:4e:8b),650,-41,-39,-36,87%,88%,28.5386763,77.3439956
216,,wifi,15:38:02,scloud_5G (b0:39:56:f4:4e:8b),650,-40,-39,-36,87%,88%,28.5386763,77.3439956
217,,wifi,15:38:03,scloud_5G (b0:39:56:f4:4e:8b),650,-40,-39,-36,87%,88%,28.5386763,77.3439956
218,,wifi,15:38:04,scloud_5G (b0:39:56:f4:4e:8b),650,-40,-39,-36,87%,88%,28.5386763,77.3439956
219,,wifi,15:38:05,scloud_5G (b0:39:56:f4:4e:8b),650,-39,-39,-36,90%,88%,28.5386763,77.3439956
220,,wifi,15:38:06,scloud_5G (b0:39:56:f4:4e:8b),650,-40,-39,-36,87%,88%,28.5386763,77.3439956
221,,wifi,15:38:07,scloud_5G (b0:39:56:f4:4e:8b),650,-41,-39,-36,87%,88%,28.5386763,77.3439956
222,,wifi,15:38:08,scloud_5G (b0:39:56:f4:4e:8b),650,-41,-39,-36,87%,88%,28.5386763,77.3439956
223,,wifi,15:38:09,scloud_5G (b0:39:56:f4:4e:8b),650,-42,-39,-36,85%,88%,28.5386763,77.3439956
224,,wifi,15:38:10,scloud_5G (b0:39:56:f4:4e:8b),650,-41,-39,-36,87%,88%,28.5386763,77.3439956
225,,wifi,15:38:11,scloud_5G (b0:39:56:f4:4e:8b),650,-38,-39,-36,90%,88%,28.5386763,77.3439956
226,,wifi,15:38:12,scloud_5G (b0:39:56:f4:4e:8b),650,-40,-39,-36,87%,88%,28.5386669,77.3440154
227,,wifi,15:38:13,scloud_5G (b0:39:56:f4:4e:8b),650,-40,-39,-36,87%,88%,28.5386669,77.3440154
228,,wifi,15:38:14,scloud_5G (b0:39:56:f4:4e:8b),650,-39,-39,-36,90%,88%,28.5386669,77.3440154
229,,wifi,15:38:15,scloud_5G (b0:39:56:f4:4e:8b),650,-40,-39,-36,87%,88%,28.5386669,77.3440154
230,,wifi,15:38:16,scloud_5G (b0:39:56:f4:4e:8b),650,-39,-39,-36,90%,88%,28.5386669,77.3440154
231,,wifi,15:38:17,scloud_5G (b0:39:56:f4:4e:8b),650,-39,-39,-36,90%,88%,28.5386669,77.3440154
232,,wifi,15:38:18,scloud_5G (b0:39:56:f4:4e:8b),650,-39,-39,-36,90%,88%,28.5386669,77.3440154
233,,wifi,15:38:19,scloud_5G (b0:39:56:f4:4e:8b),650,-38,-39,-36,90%,88%,28.5386669,77.3440154
234,,wifi,15:38:20,scloud_5G (b0:39:56:f4:4e:8b),650,-39,-39,-36,90%,88%,28.5386669,77.3440154
235,,wifi,15:38:21,scloud_5G (b0:39:56:f4:4e:8b),650,-39,-39,-36,90%,88%,28.5386669,77.3440154
236,,wifi,15:38:22,scloud_5G (b0:39:56:f4:4e:8b),650,-40,-39,-36,87%,88%,28.5386669,77.3440154
237,,wifi,15:38:24,scloud_5G (b0:39:56:f4:4e:8b),650,-40,-39,-36,87%,88%,28.5386669,77.3440154
238,,wifi,15:38:25,scloud_5G (b0:39:56:f4:4e:8b),650,-38,-39,-36,90%,88%,28.5386669,77.3440154
239,,wifi,15:38:26,scloud_5G (b0:39:56:f4:4e:8b),650,-37,-39,-36,92%,88%,28.5386669,77.3440154
240,,wifi,15:38:27,scloud_5G (b0:39:56:f4:4e:8b),650,-37,-39,-36,92%,88%,28.5386669,77.3440154
241,,wifi,15:38:28,scloud_5G (b0:39:56:f4:4e:8b),650,-37,-39,-36,92%,88%,28.5386662,77.3440004
